{
  "radius": 3.3726463317871094,
  "volume": 1.6201263434435948e-17
}